region,revenue,avg_discount_pct,opportunities,won_deals,avg_sales_cycle_days,win_rate_pct,opportunity_score
Tampere,2387026.24,8.087448979591837,160,76,77.74375,47.5,46.74935969387755
Turku,2375636.35,7.979029126213592,172,81,76.65697674418605,47.093023255813954,46.55359245879431
Helsinki,5787854.62,8.124513496547396,435,219,74.74712643678161,50.3448275862069,44.72356094551594
Oulu,2150126.77,8.22580431177446,140,73,67.37857142857143,52.142857142857146,41.82416986496091
