segment,avg_discount_pct,avg_order_value,total_revenue,orders
Enterprise,8.545435244161359,3790.257346072187,1785211.21,471
Mid-Market,8.06997370727432,3579.831893076249,4084588.19,1141
SMB,8.023728813559321,3618.0320868644067,6830844.58,1888
