region,opportunities,won_deals,avg_sales_cycle_days,avg_deal_size,win_rate_pct
Oulu,140,73,67.37857142857143,15643.285142857143,52.142857142857146
Helsinki,435,219,74.74712643678161,15934.660459770115,50.3448275862069
Tampere,160,76,77.74375,17028.4334375,47.5
Turku,172,81,76.65697674418605,16405.685058139534,47.093023255813954
