sales_rep,opportunities,won_deals,avg_deal_size,avg_sales_cycle_days,win_rate_pct
Mika,198,105,16885.110151515153,70.84343434343434,53.03030303030303
Emilia,177,92,16515.145084745764,75.0677966101695,51.9774011299435
Aino,175,85,15208.008685714285,78.69714285714285,48.57142857142857
Joonas,188,90,15841.176702127661,73.51063829787235,47.87234042553192
Sara,169,77,16343.131183431953,74.94674556213018,45.562130177514796
